[
    {
        "city": "Riyadh",
        "lat": "24.6500",
        "lng": "46.7100",
        "country": "Saudi Arabia",
        "iso2": "SA",
        "admin_name": "Ar Riyāḑ",
        "capital": "primary",
        "population": "6881000",
        "population_proper": "6694000"
    },
    {
        "city": "Jeddah",
        "lat": "21.5428",
        "lng": "39.1728",
        "country": "Saudi Arabia",
        "iso2": "SA",
        "admin_name": "Makkah al Mukarramah",
        "capital": "",
        "population": "3976000",
        "population_proper": "3976000"
    },
    {
        "city": "Mecca",
        "lat": "21.4225",
        "lng": "39.8261",
        "country": "Saudi Arabia",
        "iso2": "SA",
        "admin_name": "Makkah al Mukarramah",
        "capital": "admin",
        "population": "1675368",
        "population_proper": "1675368"
    },
    {
        "city": "Medina",
        "lat": "24.4667",
        "lng": "39.6000",
        "country": "Saudi Arabia",
        "iso2": "SA",
        "admin_name": "Al Madīnah al Munawwarah",
        "capital": "admin",
        "population": "1180770",
        "population_proper": "1180770"
    },
    {
        "city": "Ad Dammām",
        "lat": "26.4333",
        "lng": "50.1000",
        "country": "Saudi Arabia",
        "iso2": "SA",
        "admin_name": "Ash Sharqīyah",
        "capital": "admin",
        "population": "903312",
        "population_proper": "903312"
    },
    {
        "city": "Al Hufūf",
        "lat": "25.3608",
        "lng": "49.5997",
        "country": "Saudi Arabia",
        "iso2": "SA",
        "admin_name": "Ash Sharqīyah",
        "capital": "",
        "population": "637389",
        "population_proper": "400000"
    },
    {
        "city": "Buraydah",
        "lat": "26.3333",
        "lng": "43.9667",
        "country": "Saudi Arabia",
        "iso2": "SA",
        "admin_name": "Al Qaşīm",
        "capital": "admin",
        "population": "614093",
        "population_proper": "614093"
    },
    {
        "city": "Al Ḩillah",
        "lat": "23.4895",
        "lng": "46.7564",
        "country": "Saudi Arabia",
        "iso2": "SA",
        "admin_name": "Ar Riyāḑ",
        "capital": "",
        "population": "594605",
        "population_proper": "594605"
    },
    {
        "city": "Aţ Ţā’if",
        "lat": "21.2667",
        "lng": "40.4167",
        "country": "Saudi Arabia",
        "iso2": "SA",
        "admin_name": "Makkah al Mukarramah",
        "capital": "",
        "population": "579970",
        "population_proper": "579970"
    },
    {
        "city": "Tabūk",
        "lat": "28.3838",
        "lng": "36.5550",
        "country": "Saudi Arabia",
        "iso2": "SA",
        "admin_name": "Tabūk",
        "capital": "admin",
        "population": "547957",
        "population_proper": "455450"
    },
    {
        "city": "Khamīs Mushayţ",
        "lat": "18.3000",
        "lng": "42.7333",
        "country": "Saudi Arabia",
        "iso2": "SA",
        "admin_name": "‘Asīr",
        "capital": "",
        "population": "430828",
        "population_proper": "430828"
    },
    {
        "city": "Ḩā’il",
        "lat": "27.5236",
        "lng": "41.7001",
        "country": "Saudi Arabia",
        "iso2": "SA",
        "admin_name": "Ḩā’il",
        "capital": "admin",
        "population": "385257",
        "population_proper": "385257"
    },
    {
        "city": "Al Qaţīf",
        "lat": "26.5196",
        "lng": "50.0115",
        "country": "Saudi Arabia",
        "iso2": "SA",
        "admin_name": "Ash Sharqīyah",
        "capital": "",
        "population": "368892",
        "population_proper": "98259"
    },
    {
        "city": "Al Mubarraz",
        "lat": "25.4100",
        "lng": "49.5808",
        "country": "Saudi Arabia",
        "iso2": "SA",
        "admin_name": "Ash Sharqīyah",
        "capital": "",
        "population": "298562",
        "population_proper": "290802"
    },
    {
        "city": "Al Kharj",
        "lat": "24.1556",
        "lng": "47.3120",
        "country": "Saudi Arabia",
        "iso2": "SA",
        "admin_name": "Ar Riyāḑ",
        "capital": "",
        "population": "298428",
        "population_proper": "298428"
    },
    {
        "city": "Najrān",
        "lat": "17.4917",
        "lng": "44.1322",
        "country": "Saudi Arabia",
        "iso2": "SA",
        "admin_name": "Najrān",
        "capital": "admin",
        "population": "298288",
        "population_proper": "298288"
    },
    {
        "city": "Yanbu‘",
        "lat": "24.0943",
        "lng": "38.0493",
        "country": "Saudi Arabia",
        "iso2": "SA",
        "admin_name": "Al Madīnah al Munawwarah",
        "capital": "",
        "population": "267590",
        "population_proper": "200161"
    },
    {
        "city": "Abhā",
        "lat": "18.2167",
        "lng": "42.5000",
        "country": "Saudi Arabia",
        "iso2": "SA",
        "admin_name": "‘Asīr",
        "capital": "admin",
        "population": "236157",
        "population_proper": "236157"
    },
    {
        "city": "Arar",
        "lat": "30.9833",
        "lng": "41.0167",
        "country": "Saudi Arabia",
        "iso2": "SA",
        "admin_name": "Al Ḩudūd ash Shamālīyah",
        "capital": "admin",
        "population": "167057",
        "population_proper": "167057"
    },
    {
        "city": "Jāzān",
        "lat": "16.8892",
        "lng": "42.5611",
        "country": "Saudi Arabia",
        "iso2": "SA",
        "admin_name": "Jāzān",
        "capital": "admin",
        "population": "134764",
        "population_proper": "134764"
    },
    {
        "city": "Sakākā",
        "lat": "30.0000",
        "lng": "40.1333",
        "country": "Saudi Arabia",
        "iso2": "SA",
        "admin_name": "Al Jawf",
        "capital": "admin",
        "population": "128332",
        "population_proper": "128332"
    },
    {
        "city": "Al Bāḩah",
        "lat": "20.0129",
        "lng": "41.4677",
        "country": "Saudi Arabia",
        "iso2": "SA",
        "admin_name": "Al Bāḩah",
        "capital": "admin",
        "population": "95089",
        "population_proper": "95089"
    }
]
